locust1,locustpass
locust2,locustpass
locust3,locustpass
locust4,locustpass
locust5,locustpass
locust6,locustpass
locust7,locustpass
locust8,locustpass
locust9,locustpass
locust10,locustpass
locust11,locustpass
locust12,locustpass
locust13,locustpass
locust14,locustpass
locust15,locustpass
locust16,locustpass
locust17,locustpass
locust18,locustpass
locust19,locustpass
locust20,locustpass
locust21,locustpass
locust22,locustpass
locust23,locustpass
locust24,locustpass
locust25,locustpass
locust26,locustpass
locust27,locustpass
locust28,locustpass
locust29,locustpass
locust30,locustpass
locust31,locustpass
locust32,locustpass
locust33,locustpass
locust34,locustpass
locust35,locustpass
locust36,locustpass
locust37,locustpass
locust38,locustpass
locust39,locustpass
locust40,locustpass
locust41,locustpass
locust42,locustpass
locust43,locustpass
locust44,locustpass
locust45,locustpass
locust46,locustpass
locust47,locustpass
locust48,locustpass
locust49,locustpass
locust50,locustpass
locust51,locustpass
locust52,locustpass
locust53,locustpass
locust54,locustpass
locust55,locustpass
locust56,locustpass
locust57,locustpass
locust58,locustpass
locust59,locustpass
locust60,locustpass
locust61,locustpass
locust62,locustpass
locust63,locustpass
locust64,locustpass
locust65,locustpass
locust66,locustpass
locust67,locustpass
locust68,locustpass
locust69,locustpass
locust70,locustpass
locust71,locustpass
locust72,locustpass
locust73,locustpass
locust74,locustpass
locust75,locustpass
locust76,locustpass
locust77,locustpass
locust78,locustpass
locust79,locustpass
locust80,locustpass
locust81,locustpass
locust82,locustpass
locust83,locustpass
locust84,locustpass
locust85,locustpass
locust86,locustpass
locust87,locustpass
locust88,locustpass
locust89,locustpass
locust90,locustpass
locust91,locustpass
locust92,locustpass
locust93,locustpass
locust94,locustpass
locust95,locustpass
locust96,locustpass
locust97,locustpass
locust98,locustpass
locust99,locustpass
locust100,locustpass
